n,J,valid,log_rmse,log_rmse_mcse,residual_information
2,1200,5000,0.04652891872701862,0.0004555390108347259,1126.8028846153845
3,800,5000,0.041258411599475214,0.00041194172139508346,1395.0892857142858
4,600,5000,0.04045715207823732,0.0003985480580979111,1464.84375
5,480,5000,0.040690107433672566,0.00040522254672384247,1464.84375
8,300,5000,0.042492620438211844,0.00042519421219112453,1349.1981907894738
16,150,5000,0.04817551195600211,0.0004826752932172997,1017.2526041666666
32,75,5000,0.06022274213558009,0.0006022020859334355,660.0313408430233
64,37,5000,0.08039064970947998,0.0007930948617448115,379.39453124999994
128,18,5000,0.11124868892523741,0.0010997545897363482,200.75736285971223
