nu,m,J,p,normal_quantile,empirical_quantile
1,7,10,0.01,-2.3263478740408408,-1.2309083193278514
1,7,10,0.02,-2.053748910631823,-1.14389515907342
1,7,10,0.03,-1.880793608151251,-1.0787271742031412
1,7,10,0.04,-1.75068607125217,-1.036107617598555
1,7,10,0.05,-1.6448536269514729,-1.0045616520436305
1,7,10,0.060000000000000005,-1.5547735945968535,-0.9691371184616294
1,7,10,0.06999999999999999,-1.475791028179171,-0.933158083160342
1,7,10,0.08,-1.4050715603096329,-0.9042512065582621
1,7,10,0.09,-1.3407550336902165,-0.8786470964436377
1,7,10,0.09999999999999999,-1.2815515655446004,-0.8445761303523955
1,7,10,0.11,-1.2265281200366098,-0.8119953412725306
1,7,10,0.12,-1.1749867920660904,-0.7884917370505552
1,7,10,0.13,-1.1263911290388007,-0.7654854132620117
1,7,10,0.14,-1.0803193408149558,-0.7350008040289059
1,7,10,0.15000000000000002,-1.0364333894937898,-0.7072557629192474
1,7,10,0.16,-0.994457883209753,-0.680824050648787
1,7,10,0.17,-0.9541652531461943,-0.6562423926554868
1,7,10,0.18000000000000002,-0.9153650878428138,-0.6348314528658028
1,7,10,0.19,-0.8778962950512288,-0.6103808462785555
1,7,10,0.2,-0.8416212335729142,-0.5907549809198078
1,7,10,0.21000000000000002,-0.8064212470182403,-0.5682465858665724
1,7,10,0.22,-0.7721932141886848,-0.5464390918976221
1,7,10,0.23,-0.7388468491852137,-0.5258859970433811
1,7,10,0.24000000000000002,-0.7063025628400874,-0.5019248923039556
1,7,10,0.25,-0.6744897501960817,-0.4764430303382293
1,7,10,0.26,-0.643345405392917,-0.45158860984213917
1,7,10,0.27,-0.6128129910166272,-0.4262837323081583
1,7,10,0.28,-0.5828415072712162,-0.4071605443476573
1,7,10,0.29000000000000004,-0.5533847195556727,-0.3880603947016242
1,7,10,0.3,-0.5244005127080409,-0.3643343928629071
1,7,10,0.31,-0.4958503473474533,-0.3401060046423777
1,7,10,0.32,-0.46769879911450823,-0.31581298307723427
1,7,10,0.33,-0.4399131656732338,-0.29155661249378767
1,7,10,0.34,-0.41246312944140473,-0.2725618318763953
1,7,10,0.35000000000000003,-0.3853204664075676,-0.2491540190344727
1,7,10,0.36000000000000004,-0.3584587932511936,-0.22495288170011662
1,7,10,0.37,-0.33185334643681663,-0.20148831692678412
1,7,10,0.38,-0.3054807880993974,-0.18059593474951813
1,7,10,0.39,-0.27931903444745415,-0.15941968109864793
1,7,10,0.4,-0.2533471031357997,-0.13091378709525833
1,7,10,0.41000000000000003,-0.22754497664114934,-0.10677575530962487
1,7,10,0.42000000000000004,-0.20189347914185074,-0.08403185706422463
1,7,10,0.43,-0.17637416478086135,-0.061153641297922966
1,7,10,0.44,-0.15096921549677725,-0.03806635816524565
1,7,10,0.45,-0.12566134685507402,-0.011817634230220869
1,7,10,0.46,-0.10043372051146975,0.01861439253896287
1,7,10,0.47000000000000003,-0.07526986209982976,0.046496040776084734
1,7,10,0.48000000000000004,-0.05015358346473353,0.07580527783210446
1,7,10,0.49,-0.02506890825871106,0.10202835495947178
1,7,10,0.5,0.0,0.12878664190611366
1,7,10,0.51,0.02506890825871106,0.15634141655298534
1,7,10,0.52,0.05015358346473367,0.18310812159916176
1,7,10,0.53,0.0752698620998299,0.20787694918024688
1,7,10,0.54,0.10043372051146988,0.2419633444990055
1,7,10,0.55,0.12566134685507416,0.26088292518368533
1,7,10,0.56,0.1509692154967774,0.29444687360104993
1,7,10,0.5700000000000001,0.1763741647808615,0.329181991116077
1,7,10,0.5800000000000001,0.20189347914185107,0.3574333205726062
1,7,10,0.59,0.22754497664114934,0.3871698029716344
1,7,10,0.6,0.2533471031357997,0.41812184913081457
1,7,10,0.61,0.27931903444745415,0.45018085777149175
1,7,10,0.62,0.3054807880993974,0.4845302387616568
1,7,10,0.63,0.33185334643681663,0.5145327646193006
1,7,10,0.64,0.3584587932511938,0.5536686272264669
1,7,10,0.65,0.38532046640756773,0.59353976293419
1,7,10,0.66,0.41246312944140495,0.6280050866542306
1,7,10,0.67,0.4399131656732339,0.6635499384912106
1,7,10,0.68,0.4676987991145084,0.7154011438243344
1,7,10,0.6900000000000001,0.49585034734745354,0.7465696008732434
1,7,10,0.7000000000000001,0.524400512708041,0.7851391917375588
1,7,10,0.7100000000000001,0.5533847195556731,0.8305390301614934
1,7,10,0.72,0.5828415072712162,0.8741796763676708
1,7,10,0.73,0.6128129910166272,0.9221054412779754
1,7,10,0.74,0.643345405392917,0.9627271191199661
1,7,10,0.75,0.6744897501960817,1.00953689206658
1,7,10,0.76,0.7063025628400874,1.0547340072882383
1,7,10,0.77,0.7388468491852137,1.1122494110735368
1,7,10,0.78,0.7721932141886848,1.1714857277034971
1,7,10,0.79,0.8064212470182404,1.232511981862865
1,7,10,0.8,0.8416212335729143,1.2947657050714383
1,7,10,0.81,0.8778962950512289,1.372734587671841
1,7,10,0.8200000000000001,0.9153650878428143,1.4512493630419705
1,7,10,0.8300000000000001,0.9541652531461948,1.5145434457971358
1,7,10,0.8400000000000001,0.9944578832097535,1.5772877683182085
1,7,10,0.85,1.0364333894937898,1.664519066926114
1,7,10,0.86,1.0803193408149558,1.7465328367693715
1,7,10,0.87,1.1263911290388007,1.8414612300106759
1,7,10,0.88,1.1749867920660904,1.9674815694203796
1,7,10,0.89,1.2265281200366105,2.082371795174466
1,7,10,0.9,1.2815515655446004,2.2265950654779214
1,7,10,0.91,1.3407550336902165,2.4045503253678566
1,7,10,0.92,1.4050715603096329,2.576036013920589
1,7,10,0.93,1.475791028179171,2.7821028522893783
1,7,10,0.9400000000000001,1.554773594596854,2.9843325221097854
1,7,10,0.9500000000000001,1.6448536269514733,3.314816377877064
1,7,10,0.9600000000000001,1.7506860712521708,3.7316483576276203
1,7,10,0.97,1.8807936081512509,4.316658711294221
1,7,10,0.98,2.0537489106318225,4.940235086199104
1,7,10,0.99,2.3263478740408408,6.176798858427668
1,7,50,0.01,-2.3263478740408408,-1.6768394254267345
1,7,50,0.02,-2.053748910631823,-1.5301798761241017
1,7,50,0.03,-1.880793608151251,-1.421521198671341
1,7,50,0.04,-1.75068607125217,-1.3604727951004167
1,7,50,0.05,-1.6448536269514729,-1.295799006163683
1,7,50,0.060000000000000005,-1.5547735945968535,-1.2495483003617491
1,7,50,0.06999999999999999,-1.475791028179171,-1.1841575796675576
1,7,50,0.08,-1.4050715603096329,-1.133800981184034
1,7,50,0.09,-1.3407550336902165,-1.08029528357623
1,7,50,0.09999999999999999,-1.2815515655446004,-1.0398181516590328
1,7,50,0.11,-1.2265281200366098,-0.992725804005358
1,7,50,0.12,-1.1749867920660904,-0.9582794903385811
1,7,50,0.13,-1.1263911290388007,-0.9244012691221986
1,7,50,0.14,-1.0803193408149558,-0.8954631417070886
1,7,50,0.15000000000000002,-1.0364333894937898,-0.8550382977535349
1,7,50,0.16,-0.994457883209753,-0.8262159067188575
1,7,50,0.17,-0.9541652531461943,-0.7938746688342435
1,7,50,0.18000000000000002,-0.9153650878428138,-0.7660065050615664
1,7,50,0.19,-0.8778962950512288,-0.7375572504307045
1,7,50,0.2,-0.8416212335729142,-0.7057924800514185
1,7,50,0.21000000000000002,-0.8064212470182403,-0.6781158946925889
1,7,50,0.22,-0.7721932141886848,-0.6524005577524571
1,7,50,0.23,-0.7388468491852137,-0.6268555781107806
1,7,50,0.24000000000000002,-0.7063025628400874,-0.6032302222775083
1,7,50,0.25,-0.6744897501960817,-0.5779564217165963
1,7,50,0.26,-0.643345405392917,-0.5492179388414442
1,7,50,0.27,-0.6128129910166272,-0.5200617021348584
1,7,50,0.28,-0.5828415072712162,-0.4969920606937701
1,7,50,0.29000000000000004,-0.5533847195556727,-0.47189859338412166
1,7,50,0.3,-0.5244005127080409,-0.4493878719816379
1,7,50,0.31,-0.4958503473474533,-0.42285513604165853
1,7,50,0.32,-0.46769879911450823,-0.40046278934126245
1,7,50,0.33,-0.4399131656732338,-0.37404045475085845
1,7,50,0.34,-0.41246312944140473,-0.35013118660126447
1,7,50,0.35000000000000003,-0.3853204664075676,-0.33082187758413617
1,7,50,0.36000000000000004,-0.3584587932511936,-0.30731922837988496
1,7,50,0.37,-0.33185334643681663,-0.2844174638381466
1,7,50,0.38,-0.3054807880993974,-0.2604895255235956
1,7,50,0.39,-0.27931903444745415,-0.23327639164839734
1,7,50,0.4,-0.2533471031357997,-0.21098878358106385
1,7,50,0.41000000000000003,-0.22754497664114934,-0.18030843169941524
1,7,50,0.42000000000000004,-0.20189347914185074,-0.153888390012155
1,7,50,0.43,-0.17637416478086135,-0.12654027291155273
1,7,50,0.44,-0.15096921549677725,-0.1063081851195062
1,7,50,0.45,-0.12566134685507402,-0.08132935675274194
1,7,50,0.46,-0.10043372051146975,-0.05373312285869666
1,7,50,0.47000000000000003,-0.07526986209982976,-0.03155073742090421
1,7,50,0.48000000000000004,-0.05015358346473353,-0.005741979196164599
1,7,50,0.49,-0.02506890825871106,0.01480239116351488
1,7,50,0.5,0.0,0.041716686562501146
1,7,50,0.51,0.02506890825871106,0.06690634417679205
1,7,50,0.52,0.05015358346473367,0.09322201739804262
1,7,50,0.53,0.0752698620998299,0.12096100853154172
1,7,50,0.54,0.10043372051146988,0.15344024315644492
1,7,50,0.55,0.12566134685507416,0.1747754175581414
1,7,50,0.56,0.1509692154967774,0.19572997263645614
1,7,50,0.5700000000000001,0.1763741647808615,0.22249697378593133
1,7,50,0.5800000000000001,0.20189347914185107,0.2510467734579638
1,7,50,0.59,0.22754497664114934,0.2864771818048365
1,7,50,0.6,0.2533471031357997,0.3161828314436424
1,7,50,0.61,0.27931903444745415,0.34604438313079977
1,7,50,0.62,0.3054807880993974,0.36961655173181257
1,7,50,0.63,0.33185334643681663,0.400448413760197
1,7,50,0.64,0.3584587932511938,0.42779794181231096
1,7,50,0.65,0.38532046640756773,0.46197045811545645
1,7,50,0.66,0.41246312944140495,0.4945900084659517
1,7,50,0.67,0.4399131656732339,0.519978086226058
1,7,50,0.68,0.4676987991145084,0.5464100937899458
1,7,50,0.6900000000000001,0.49585034734745354,0.5719890052290229
1,7,50,0.7000000000000001,0.524400512708041,0.6176384971210992
1,7,50,0.7100000000000001,0.5533847195556731,0.651325284476766
1,7,50,0.72,0.5828415072712162,0.6904959446353319
1,7,50,0.73,0.6128129910166272,0.7218514807647507
1,7,50,0.74,0.643345405392917,0.7565720698679023
1,7,50,0.75,0.6744897501960817,0.7953928973971383
1,7,50,0.76,0.7063025628400874,0.8356248390094202
1,7,50,0.77,0.7388468491852137,0.8718594202103055
1,7,50,0.78,0.7721932141886848,0.9288783701747165
1,7,50,0.79,0.8064212470182404,0.9760309255354361
1,7,50,0.8,0.8416212335729143,1.0156914984845802
1,7,50,0.81,0.8778962950512289,1.0629494378974846
1,7,50,0.8200000000000001,0.9153650878428143,1.120398476246898
1,7,50,0.8300000000000001,0.9541652531461948,1.1789234972774474
1,7,50,0.8400000000000001,0.9944578832097535,1.235555728404087
1,7,50,0.85,1.0364333894937898,1.2889743015039867
1,7,50,0.86,1.0803193408149558,1.3759191065712735
1,7,50,0.87,1.1263911290388007,1.433209788110556
1,7,50,0.88,1.1749867920660904,1.4847295074700555
1,7,50,0.89,1.2265281200366105,1.5614635211510048
1,7,50,0.9,1.2815515655446004,1.631980753355425
1,7,50,0.91,1.3407550336902165,1.7242976815523237
1,7,50,0.92,1.4050715603096329,1.83612055233935
1,7,50,0.93,1.475791028179171,1.9318488008026835
1,7,50,0.9400000000000001,1.554773594596854,2.0686920902414325
1,7,50,0.9500000000000001,1.6448536269514733,2.1699066235113005
1,7,50,0.9600000000000001,1.7506860712521708,2.3276727936402226
1,7,50,0.97,1.8807936081512509,2.523663610751433
1,7,50,0.98,2.0537489106318225,2.898145151596973
1,7,50,0.99,2.3263478740408408,3.294196986538036
1,7,200,0.01,-2.3263478740408408,-2.001016369624633
1,7,200,0.02,-2.053748910631823,-1.7500765856772926
1,7,200,0.03,-1.880793608151251,-1.6059497584132674
1,7,200,0.04,-1.75068607125217,-1.4907742527040648
1,7,200,0.05,-1.6448536269514729,-1.4217097861043302
1,7,200,0.060000000000000005,-1.5547735945968535,-1.3580270926133045
1,7,200,0.06999999999999999,-1.475791028179171,-1.3052377862963438
1,7,200,0.08,-1.4050715603096329,-1.253409463740109
1,7,200,0.09,-1.3407550336902165,-1.189340109167179
1,7,200,0.09999999999999999,-1.2815515655446004,-1.134866647180698
1,7,200,0.11,-1.2265281200366098,-1.1033498266761164
1,7,200,0.12,-1.1749867920660904,-1.0589460262848125
1,7,200,0.13,-1.1263911290388007,-1.0271612977900195
1,7,200,0.14,-1.0803193408149558,-0.9848740637082586
1,7,200,0.15000000000000002,-1.0364333894937898,-0.9456759108607508
1,7,200,0.16,-0.994457883209753,-0.9196957296933704
1,7,200,0.17,-0.9541652531461943,-0.8909515741157374
1,7,200,0.18000000000000002,-0.9153650878428138,-0.8573694007798028
1,7,200,0.19,-0.8778962950512288,-0.8128894540258657
1,7,200,0.2,-0.8416212335729142,-0.7843927351222307
1,7,200,0.21000000000000002,-0.8064212470182403,-0.7494954528960318
1,7,200,0.22,-0.7721932141886848,-0.7154153256098627
1,7,200,0.23,-0.7388468491852137,-0.6829806806189973
1,7,200,0.24000000000000002,-0.7063025628400874,-0.6540870256076559
1,7,200,0.25,-0.6744897501960817,-0.6244748147814753
1,7,200,0.26,-0.643345405392917,-0.5930048497589211
1,7,200,0.27,-0.6128129910166272,-0.5685205259505065
1,7,200,0.28,-0.5828415072712162,-0.5413618293106266
1,7,200,0.29000000000000004,-0.5533847195556727,-0.5067270204403371
1,7,200,0.3,-0.5244005127080409,-0.4760873303242963
1,7,200,0.31,-0.4958503473474533,-0.4487313316607035
1,7,200,0.32,-0.46769879911450823,-0.41931673519194657
1,7,200,0.33,-0.4399131656732338,-0.3921625374221004
1,7,200,0.34,-0.41246312944140473,-0.3754371150329514
1,7,200,0.35000000000000003,-0.3853204664075676,-0.34662962502806094
1,7,200,0.36000000000000004,-0.3584587932511936,-0.321176946125681
1,7,200,0.37,-0.33185334643681663,-0.2972785820953753
1,7,200,0.38,-0.3054807880993974,-0.2716839644988533
1,7,200,0.39,-0.27931903444745415,-0.24258857418124857
1,7,200,0.4,-0.2533471031357997,-0.2142455883951457
1,7,200,0.41000000000000003,-0.22754497664114934,-0.1907253827382293
1,7,200,0.42000000000000004,-0.20189347914185074,-0.16223677769842268
1,7,200,0.43,-0.17637416478086135,-0.13919119444684638
1,7,200,0.44,-0.15096921549677725,-0.11291944352011651
1,7,200,0.45,-0.12566134685507402,-0.08850720477589988
1,7,200,0.46,-0.10043372051146975,-0.06351829516590002
1,7,200,0.47000000000000003,-0.07526986209982976,-0.04018375455499482
1,7,200,0.48000000000000004,-0.05015358346473353,-0.011804081421055
1,7,200,0.49,-0.02506890825871106,0.019078910938239792
1,7,200,0.5,0.0,0.044184455634937864
1,7,200,0.51,0.02506890825871106,0.06927170145983978
1,7,200,0.52,0.05015358346473367,0.09272610267334513
1,7,200,0.53,0.0752698620998299,0.12027642159214898
1,7,200,0.54,0.10043372051146988,0.14879050407327377
1,7,200,0.55,0.12566134685507416,0.17329129055966805
1,7,200,0.56,0.1509692154967774,0.1977566060027518
1,7,200,0.5700000000000001,0.1763741647808615,0.22071973386980487
1,7,200,0.5800000000000001,0.20189347914185107,0.2564553853209549
1,7,200,0.59,0.22754497664114934,0.28549618747049244
1,7,200,0.6,0.2533471031357997,0.31097790426485805
1,7,200,0.61,0.27931903444745415,0.33952628903852083
1,7,200,0.62,0.3054807880993974,0.3704426838587704
1,7,200,0.63,0.33185334643681663,0.4023111591918769
1,7,200,0.64,0.3584587932511938,0.42752465342584395
1,7,200,0.65,0.38532046640756773,0.4544601980515024
1,7,200,0.66,0.41246312944140495,0.48406366763141984
1,7,200,0.67,0.4399131656732339,0.5065258923453569
1,7,200,0.68,0.4676987991145084,0.5366636441047731
1,7,200,0.6900000000000001,0.49585034734745354,0.5660406520144038
1,7,200,0.7000000000000001,0.524400512708041,0.600311786590864
1,7,200,0.7100000000000001,0.5533847195556731,0.6262479279362679
1,7,200,0.72,0.5828415072712162,0.6582176985859111
1,7,200,0.73,0.6128129910166272,0.6950662750452472
1,7,200,0.74,0.643345405392917,0.7318299007130652
1,7,200,0.75,0.6744897501960817,0.7664788857925964
1,7,200,0.76,0.7063025628400874,0.805174458382303
1,7,200,0.77,0.7388468491852137,0.8384500485765412
1,7,200,0.78,0.7721932141886848,0.878454228729639
1,7,200,0.79,0.8064212470182404,0.9179748480515493
1,7,200,0.8,0.8416212335729143,0.9569106726710516
1,7,200,0.81,0.8778962950512289,1.0018144029461924
1,7,200,0.8200000000000001,0.9153650878428143,1.0445645722497952
1,7,200,0.8300000000000001,0.9541652531461948,1.0901608511522114
1,7,200,0.8400000000000001,0.9944578832097535,1.129694037068533
1,7,200,0.85,1.0364333894937898,1.1836039929095243
1,7,200,0.86,1.0803193408149558,1.2395289241290888
1,7,200,0.87,1.1263911290388007,1.289433699165835
1,7,200,0.88,1.1749867920660904,1.350647321282096
1,7,200,0.89,1.2265281200366105,1.4099147174151867
1,7,200,0.9,1.2815515655446004,1.4620056785172433
1,7,200,0.91,1.3407550336902165,1.5318604231313553
1,7,200,0.92,1.4050715603096329,1.6203259982431473
1,7,200,0.93,1.475791028179171,1.711378856403701
1,7,200,0.9400000000000001,1.554773594596854,1.8149537960833428
1,7,200,0.9500000000000001,1.6448536269514733,1.9444913411364673
1,7,200,0.9600000000000001,1.7506860712521708,2.0707075002430235
1,7,200,0.97,1.8807936081512509,2.2625921857890026
1,7,200,0.98,2.0537489106318225,2.440133303428317
1,7,200,0.99,2.3263478740408408,2.853046278464831
3,7,10,0.01,-2.3263478740408408,-1.517397045638914
3,7,10,0.02,-2.053748910631823,-1.39857027289659
3,7,10,0.03,-1.880793608151251,-1.317019610630487
3,7,10,0.04,-1.75068607125217,-1.23962691666911
3,7,10,0.05,-1.6448536269514729,-1.1889376438177137
3,7,10,0.060000000000000005,-1.5547735945968535,-1.1428590297236947
3,7,10,0.06999999999999999,-1.475791028179171,-1.1023995808302494
3,7,10,0.08,-1.4050715603096329,-1.0633732368978548
3,7,10,0.09,-1.3407550336902165,-1.0162478782033868
3,7,10,0.09999999999999999,-1.2815515655446004,-0.981388323647153
3,7,10,0.11,-1.2265281200366098,-0.950070748085828
3,7,10,0.12,-1.1749867920660904,-0.9221759186883421
3,7,10,0.13,-1.1263911290388007,-0.8965126631006964
3,7,10,0.14,-1.0803193408149558,-0.8668449059275748
3,7,10,0.15000000000000002,-1.0364333894937898,-0.8324240121397347
3,7,10,0.16,-0.994457883209753,-0.8048968865056157
3,7,10,0.17,-0.9541652531461943,-0.7731670972359449
3,7,10,0.18000000000000002,-0.9153650878428138,-0.7363775604310729
3,7,10,0.19,-0.8778962950512288,-0.7118073161880853
3,7,10,0.2,-0.8416212335729142,-0.6803931549262766
3,7,10,0.21000000000000002,-0.8064212470182403,-0.6587901285097807
3,7,10,0.22,-0.7721932141886848,-0.6344747426625371
3,7,10,0.23,-0.7388468491852137,-0.6100807347849913
3,7,10,0.24000000000000002,-0.7063025628400874,-0.579669014574799
3,7,10,0.25,-0.6744897501960817,-0.5549782328442908
3,7,10,0.26,-0.643345405392917,-0.5282875878712262
3,7,10,0.27,-0.6128129910166272,-0.5033779834238855
3,7,10,0.28,-0.5828415072712162,-0.47633776005891165
3,7,10,0.29000000000000004,-0.5533847195556727,-0.4490156833230515
3,7,10,0.3,-0.5244005127080409,-0.42493133496792673
3,7,10,0.31,-0.4958503473474533,-0.39903951854805464
3,7,10,0.32,-0.46769879911450823,-0.37748661428475117
3,7,10,0.33,-0.4399131656732338,-0.35364315072043645
3,7,10,0.34,-0.41246312944140473,-0.3307383475496531
3,7,10,0.35000000000000003,-0.3853204664075676,-0.2976173329023105
3,7,10,0.36000000000000004,-0.3584587932511936,-0.2760563949476058
3,7,10,0.37,-0.33185334643681663,-0.25544619171790034
3,7,10,0.38,-0.3054807880993974,-0.23111583202279593
3,7,10,0.39,-0.27931903444745415,-0.21100328122699322
3,7,10,0.4,-0.2533471031357997,-0.18536886009625905
3,7,10,0.41000000000000003,-0.22754497664114934,-0.16284896037659485
3,7,10,0.42000000000000004,-0.20189347914185074,-0.135896880808014
3,7,10,0.43,-0.17637416478086135,-0.1131217451116533
3,7,10,0.44,-0.15096921549677725,-0.0808382635882097
3,7,10,0.45,-0.12566134685507402,-0.05775614193818525
3,7,10,0.46,-0.10043372051146975,-0.03312267722150816
3,7,10,0.47000000000000003,-0.07526986209982976,-0.012098108892927577
3,7,10,0.48000000000000004,-0.05015358346473353,0.014963974549509295
3,7,10,0.49,-0.02506890825871106,0.03902728560828237
3,7,10,0.5,0.0,0.06440015883138289
3,7,10,0.51,0.02506890825871106,0.08604298910512322
3,7,10,0.52,0.05015358346473367,0.1057254235995907
3,7,10,0.53,0.0752698620998299,0.1253178174402418
3,7,10,0.54,0.10043372051146988,0.16262553534185226
3,7,10,0.55,0.12566134685507416,0.18647547982641702
3,7,10,0.56,0.1509692154967774,0.213950230985549
3,7,10,0.5700000000000001,0.1763741647808615,0.23435785335605608
3,7,10,0.5800000000000001,0.20189347914185107,0.25660551451388147
3,7,10,0.59,0.22754497664114934,0.28893776069379606
3,7,10,0.6,0.2533471031357997,0.31815421400259597
3,7,10,0.61,0.27931903444745415,0.3425761872926482
3,7,10,0.62,0.3054807880993974,0.3735026594681344
3,7,10,0.63,0.33185334643681663,0.40172908028562593
3,7,10,0.64,0.3584587932511938,0.4313665630976156
3,7,10,0.65,0.38532046640756773,0.4590460512452664
3,7,10,0.66,0.41246312944140495,0.4885990716297983
3,7,10,0.67,0.4399131656732339,0.5238993146810093
3,7,10,0.68,0.4676987991145084,0.5589861606003116
3,7,10,0.6900000000000001,0.49585034734745354,0.5889127291309713
3,7,10,0.7000000000000001,0.524400512708041,0.6274444634436711
3,7,10,0.7100000000000001,0.5533847195556731,0.6620287718491187
3,7,10,0.72,0.5828415072712162,0.7019071282365599
3,7,10,0.73,0.6128129910166272,0.7499040209889232
3,7,10,0.74,0.643345405392917,0.7879810093857935
3,7,10,0.75,0.6744897501960817,0.839717014763129
3,7,10,0.76,0.7063025628400874,0.8864536542891214
3,7,10,0.77,0.7388468491852137,0.9355738514140562
3,7,10,0.78,0.7721932141886848,0.9880550701380582
3,7,10,0.79,0.8064212470182404,1.0353220835197388
3,7,10,0.8,0.8416212335729143,1.0801861524677636
3,7,10,0.81,0.8778962950512289,1.1302993477851508
3,7,10,0.8200000000000001,0.9153650878428143,1.1856715912936209
3,7,10,0.8300000000000001,0.9541652531461948,1.2505547874144103
3,7,10,0.8400000000000001,0.9944578832097535,1.3228916913795423
3,7,10,0.85,1.0364333894937898,1.3777473493319408
3,7,10,0.86,1.0803193408149558,1.4595259730392236
3,7,10,0.87,1.1263911290388007,1.533450681849122
3,7,10,0.88,1.1749867920660904,1.6053073404052485
3,7,10,0.89,1.2265281200366105,1.6840381202949246
3,7,10,0.9,1.2815515655446004,1.7671392918756417
3,7,10,0.91,1.3407550336902165,1.9021177282674864
3,7,10,0.92,1.4050715603096329,1.9923423425047067
3,7,10,0.93,1.475791028179171,2.1334372054589847
3,7,10,0.9400000000000001,1.554773594596854,2.301924698390431
3,7,10,0.9500000000000001,1.6448536269514733,2.43782548441056
3,7,10,0.9600000000000001,1.7506860712521708,2.623321239878147
3,7,10,0.97,1.8807936081512509,2.8587440299414446
3,7,10,0.98,2.0537489106318225,3.230229264351384
3,7,10,0.99,2.3263478740408408,3.979685362706105
3,7,50,0.01,-2.3263478740408408,-1.8984251699108505
3,7,50,0.02,-2.053748910631823,-1.741794841147313
3,7,50,0.03,-1.880793608151251,-1.618637320905754
3,7,50,0.04,-1.75068607125217,-1.5065987624121557
3,7,50,0.05,-1.6448536269514729,-1.4338953120560538
3,7,50,0.060000000000000005,-1.5547735945968535,-1.365426750374769
3,7,50,0.06999999999999999,-1.475791028179171,-1.288974369552685
3,7,50,0.08,-1.4050715603096329,-1.2311924033993467
3,7,50,0.09,-1.3407550336902165,-1.1750859700825145
3,7,50,0.09999999999999999,-1.2815515655446004,-1.1290465729375634
3,7,50,0.11,-1.2265281200366098,-1.0839491762508406
3,7,50,0.12,-1.1749867920660904,-1.038298284507907
3,7,50,0.13,-1.1263911290388007,-0.9975360519210509
3,7,50,0.14,-1.0803193408149558,-0.9678985809627759
3,7,50,0.15000000000000002,-1.0364333894937898,-0.9340457131503935
3,7,50,0.16,-0.994457883209753,-0.9058987608439247
3,7,50,0.17,-0.9541652531461943,-0.8773130868377983
3,7,50,0.18000000000000002,-0.9153650878428138,-0.8457775894129428
3,7,50,0.19,-0.8778962950512288,-0.8112058202170469
3,7,50,0.2,-0.8416212335729142,-0.7794062412565377
3,7,50,0.21000000000000002,-0.8064212470182403,-0.742081885578699
3,7,50,0.22,-0.7721932141886848,-0.7157495570567276
3,7,50,0.23,-0.7388468491852137,-0.6794084185588838
3,7,50,0.24000000000000002,-0.7063025628400874,-0.6539652429960747
3,7,50,0.25,-0.6744897501960817,-0.621045722990273
3,7,50,0.26,-0.643345405392917,-0.5927868406665254
3,7,50,0.27,-0.6128129910166272,-0.5681008586348959
3,7,50,0.28,-0.5828415072712162,-0.5405183733095597
3,7,50,0.29000000000000004,-0.5533847195556727,-0.517366451632244
3,7,50,0.3,-0.5244005127080409,-0.49078473263885125
3,7,50,0.31,-0.4958503473474533,-0.4602961288156399
3,7,50,0.32,-0.46769879911450823,-0.4315132131575956
3,7,50,0.33,-0.4399131656732338,-0.410848882348048
3,7,50,0.34,-0.41246312944140473,-0.38052075898965787
3,7,50,0.35000000000000003,-0.3853204664075676,-0.3548627597107535
3,7,50,0.36000000000000004,-0.3584587932511936,-0.3283445617721651
3,7,50,0.37,-0.33185334643681663,-0.30503663837528894
3,7,50,0.38,-0.3054807880993974,-0.2813334149936026
3,7,50,0.39,-0.27931903444745415,-0.2507636581720691
3,7,50,0.4,-0.2533471031357997,-0.2237274679869449
3,7,50,0.41000000000000003,-0.22754497664114934,-0.19425469255556918
3,7,50,0.42000000000000004,-0.20189347914185074,-0.17030955862228878
3,7,50,0.43,-0.17637416478086135,-0.14710808150198118
3,7,50,0.44,-0.15096921549677725,-0.1264674505968517
3,7,50,0.45,-0.12566134685507402,-0.10944209970189062
3,7,50,0.46,-0.10043372051146975,-0.08481192060543159
3,7,50,0.47000000000000003,-0.07526986209982976,-0.0585939787045524
3,7,50,0.48000000000000004,-0.05015358346473353,-0.030621299021616102
3,7,50,0.49,-0.02506890825871106,-0.005399615303685547
3,7,50,0.5,0.0,0.016857796452360168
3,7,50,0.51,0.02506890825871106,0.03763388228607215
3,7,50,0.52,0.05015358346473367,0.06282615462413871
3,7,50,0.53,0.0752698620998299,0.08740390117275403
3,7,50,0.54,0.10043372051146988,0.11057128290967848
3,7,50,0.55,0.12566134685507416,0.13616477486583256
3,7,50,0.56,0.1509692154967774,0.16633139416414086
3,7,50,0.5700000000000001,0.1763741647808615,0.1897868307405492
3,7,50,0.5800000000000001,0.20189347914185107,0.22053444002302594
3,7,50,0.59,0.22754497664114934,0.24413920011625798
3,7,50,0.6,0.2533471031357997,0.269963700631096
3,7,50,0.61,0.27931903444745415,0.295004506542448
3,7,50,0.62,0.3054807880993974,0.32384935982877167
3,7,50,0.63,0.33185334643681663,0.34598898883526186
3,7,50,0.64,0.3584587932511938,0.3808176439685313
3,7,50,0.65,0.38532046640756773,0.4065258496131867
3,7,50,0.66,0.41246312944140495,0.4358207726419159
3,7,50,0.67,0.4399131656732339,0.46475833480105166
3,7,50,0.68,0.4676987991145084,0.49309599970812107
3,7,50,0.6900000000000001,0.49585034734745354,0.5236720080401335
3,7,50,0.7000000000000001,0.524400512708041,0.5596257201240208
3,7,50,0.7100000000000001,0.5533847195556731,0.5916092431893474
3,7,50,0.72,0.5828415072712162,0.6322090212767449
3,7,50,0.73,0.6128129910166272,0.6696888733504862
3,7,50,0.74,0.643345405392917,0.7002419262394598
3,7,50,0.75,0.6744897501960817,0.7389836484135826
3,7,50,0.76,0.7063025628400874,0.7744114524895016
3,7,50,0.77,0.7388468491852137,0.8165015145163348
3,7,50,0.78,0.7721932141886848,0.861996743574993
3,7,50,0.79,0.8064212470182404,0.8986833972592719
3,7,50,0.8,0.8416212335729143,0.9495102911628197
3,7,50,0.81,0.8778962950512289,0.992899862924911
3,7,50,0.8200000000000001,0.9153650878428143,1.0352777044102195
3,7,50,0.8300000000000001,0.9541652531461948,1.080910545341019
3,7,50,0.8400000000000001,0.9944578832097535,1.137643550798238
3,7,50,0.85,1.0364333894937898,1.1939611904780372
3,7,50,0.86,1.0803193408149558,1.240092845831003
3,7,50,0.87,1.1263911290388007,1.2908218927054762
3,7,50,0.88,1.1749867920660904,1.3494900216760393
3,7,50,0.89,1.2265281200366105,1.407650945446127
3,7,50,0.9,1.2815515655446004,1.4732051453011523
3,7,50,0.91,1.3407550336902165,1.5509212136281352
3,7,50,0.92,1.4050715603096329,1.652063653472449
3,7,50,0.93,1.475791028179171,1.7472233389872869
3,7,50,0.9400000000000001,1.554773594596854,1.833893067695686
3,7,50,0.9500000000000001,1.6448536269514733,1.954417017594027
3,7,50,0.9600000000000001,1.7506860712521708,2.07616760379953
3,7,50,0.97,1.8807936081512509,2.2371066724129465
3,7,50,0.98,2.0537489106318225,2.433337212981384
3,7,50,0.99,2.3263478740408408,2.8663840878956877
3,7,200,0.01,-2.3263478740408408,-2.14580779695637
3,7,200,0.02,-2.053748910631823,-1.902193169895824
3,7,200,0.03,-1.880793608151251,-1.7679479400920821
3,7,200,0.04,-1.75068607125217,-1.6650560768380092
3,7,200,0.05,-1.6448536269514729,-1.5717463942953858
3,7,200,0.060000000000000005,-1.5547735945968535,-1.4829567579998362
3,7,200,0.06999999999999999,-1.475791028179171,-1.4168922431417172
3,7,200,0.08,-1.4050715603096329,-1.3441781232970937
3,7,200,0.09,-1.3407550336902165,-1.2901497232564907
3,7,200,0.09999999999999999,-1.2815515655446004,-1.2325519816414168
3,7,200,0.11,-1.2265281200366098,-1.1872645349229223
3,7,200,0.12,-1.1749867920660904,-1.1366426170455453
3,7,200,0.13,-1.1263911290388007,-1.089537375224591
3,7,200,0.14,-1.0803193408149558,-1.0522557219558364
3,7,200,0.15000000000000002,-1.0364333894937898,-1.0078853445965719
3,7,200,0.16,-0.994457883209753,-0.9601711140531005
3,7,200,0.17,-0.9541652531461943,-0.928505191088505
3,7,200,0.18000000000000002,-0.9153650878428138,-0.8909612954086028
3,7,200,0.19,-0.8778962950512288,-0.8571721779350719
3,7,200,0.2,-0.8416212335729142,-0.8211252778891833
3,7,200,0.21000000000000002,-0.8064212470182403,-0.7886640837644848
3,7,200,0.22,-0.7721932141886848,-0.7561539292470367
3,7,200,0.23,-0.7388468491852137,-0.7231412679857484
3,7,200,0.24000000000000002,-0.7063025628400874,-0.6925629289156588
3,7,200,0.25,-0.6744897501960817,-0.6651204058877909
3,7,200,0.26,-0.643345405392917,-0.6354532534705964
3,7,200,0.27,-0.6128129910166272,-0.6093356801261168
3,7,200,0.28,-0.5828415072712162,-0.5790885626818733
3,7,200,0.29000000000000004,-0.5533847195556727,-0.5540932992467682
3,7,200,0.3,-0.5244005127080409,-0.5263491183016001
3,7,200,0.31,-0.4958503473474533,-0.494917223272707
3,7,200,0.32,-0.46769879911450823,-0.46377076744987683
3,7,200,0.33,-0.4399131656732338,-0.4415241742995258
3,7,200,0.34,-0.41246312944140473,-0.41375946207710623
3,7,200,0.35000000000000003,-0.3853204664075676,-0.38217436560047935
3,7,200,0.36000000000000004,-0.3584587932511936,-0.3501638408036367
3,7,200,0.37,-0.33185334643681663,-0.3233633164775203
3,7,200,0.38,-0.3054807880993974,-0.30011733893944564
3,7,200,0.39,-0.27931903444745415,-0.27119174420212305
3,7,200,0.4,-0.2533471031357997,-0.2469697050401104
3,7,200,0.41000000000000003,-0.22754497664114934,-0.22342814419963639
3,7,200,0.42000000000000004,-0.20189347914185074,-0.19287693231235561
3,7,200,0.43,-0.17637416478086135,-0.1635567961325237
3,7,200,0.44,-0.15096921549677725,-0.14383667361999045
3,7,200,0.45,-0.12566134685507402,-0.12353329578560918
3,7,200,0.46,-0.10043372051146975,-0.0959373786688402
3,7,200,0.47000000000000003,-0.07526986209982976,-0.06513256994985386
3,7,200,0.48000000000000004,-0.05015358346473353,-0.040570873674819256
3,7,200,0.49,-0.02506890825871106,-0.01700996578710548
3,7,200,0.5,0.0,0.004271231394382197
3,7,200,0.51,0.02506890825871106,0.02948424027285331
3,7,200,0.52,0.05015358346473367,0.058560107971656346
3,7,200,0.53,0.0752698620998299,0.08472922315375811
3,7,200,0.54,0.10043372051146988,0.10764232006532676
3,7,200,0.55,0.12566134685507416,0.13091880643257806
3,7,200,0.56,0.1509692154967774,0.1550184471742474
3,7,200,0.5700000000000001,0.1763741647808615,0.1803964944650247
3,7,200,0.5800000000000001,0.20189347914185107,0.20810844742804988
3,7,200,0.59,0.22754497664114934,0.23613730526094692
3,7,200,0.6,0.2533471031357997,0.25618980565520527
3,7,200,0.61,0.27931903444745415,0.2799780465491045
3,7,200,0.62,0.3054807880993974,0.31102306629280524
3,7,200,0.63,0.33185334643681663,0.3408866870806934
3,7,200,0.64,0.3584587932511938,0.37541322937370963
3,7,200,0.65,0.38532046640756773,0.40266481289102163
3,7,200,0.66,0.41246312944140495,0.4329538130295352
3,7,200,0.67,0.4399131656732339,0.4646276668312628
3,7,200,0.68,0.4676987991145084,0.49425771413332636
3,7,200,0.6900000000000001,0.49585034734745354,0.519620488124497
3,7,200,0.7000000000000001,0.524400512708041,0.548353268837936
3,7,200,0.7100000000000001,0.5533847195556731,0.5764081035819905
3,7,200,0.72,0.5828415072712162,0.6089346219254669
3,7,200,0.73,0.6128129910166272,0.6359936562654943
3,7,200,0.74,0.643345405392917,0.672169609017849
3,7,200,0.75,0.6744897501960817,0.7091432876196072
3,7,200,0.76,0.7063025628400874,0.7440058907107623
3,7,200,0.77,0.7388468491852137,0.7769014156627996
3,7,200,0.78,0.7721932141886848,0.8125039542972451
3,7,200,0.79,0.8064212470182404,0.8496139931749802
3,7,200,0.8,0.8416212335729143,0.8820549926371083
3,7,200,0.81,0.8778962950512289,0.9241085751291772
3,7,200,0.8200000000000001,0.9153650878428143,0.9724335260663098
3,7,200,0.8300000000000001,0.9541652531461948,1.0176213647960195
3,7,200,0.8400000000000001,0.9944578832097535,1.0718888999635423
3,7,200,0.85,1.0364333894937898,1.1287245125356717
3,7,200,0.86,1.0803193408149558,1.1783941080124012
3,7,200,0.87,1.1263911290388007,1.222647952443323
3,7,200,0.88,1.1749867920660904,1.2738766414037008
3,7,200,0.89,1.2265281200366105,1.3304443406791095
3,7,200,0.9,1.2815515655446004,1.3945337668856215
3,7,200,0.91,1.3407550336902165,1.4655639865427799
3,7,200,0.92,1.4050715603096329,1.534976688040031
3,7,200,0.93,1.475791028179171,1.6183330910313494
3,7,200,0.9400000000000001,1.554773594596854,1.7181045114737696
3,7,200,0.9500000000000001,1.6448536269514733,1.833512836123715
3,7,200,0.9600000000000001,1.7506860712521708,1.9660336087587365
3,7,200,0.97,1.8807936081512509,2.0777889451727414
3,7,200,0.98,2.0537489106318225,2.2804908991882513
3,7,200,0.99,2.3263478740408408,2.570734138219337
10,7,10,0.01,-2.3263478740408408,-1.8479635377838441
10,7,10,0.02,-2.053748910631823,-1.662715028578531
10,7,10,0.03,-1.880793608151251,-1.5608477348741743
10,7,10,0.04,-1.75068607125217,-1.4822302062524735
10,7,10,0.05,-1.6448536269514729,-1.403215780381909
10,7,10,0.060000000000000005,-1.5547735945968535,-1.3360509205854276
10,7,10,0.06999999999999999,-1.475791028179171,-1.2875794528974844
10,7,10,0.08,-1.4050715603096329,-1.239190138938665
10,7,10,0.09,-1.3407550336902165,-1.1866629233719979
10,7,10,0.09999999999999999,-1.2815515655446004,-1.1473251385407712
10,7,10,0.11,-1.2265281200366098,-1.0991158720699283
10,7,10,0.12,-1.1749867920660904,-1.0616460794499538
10,7,10,0.13,-1.1263911290388007,-1.0210875666110124
10,7,10,0.14,-1.0803193408149558,-0.9787700491346621
10,7,10,0.15000000000000002,-1.0364333894937898,-0.9507899215854091
10,7,10,0.16,-0.994457883209753,-0.9031888794198085
10,7,10,0.17,-0.9541652531461943,-0.8641732152938072
10,7,10,0.18000000000000002,-0.9153650878428138,-0.8337026860801264
10,7,10,0.19,-0.8778962950512288,-0.8047389906045334
10,7,10,0.2,-0.8416212335729142,-0.7817153381166004
10,7,10,0.21000000000000002,-0.8064212470182403,-0.754277693767652
10,7,10,0.22,-0.7721932141886848,-0.7216902785625893
10,7,10,0.23,-0.7388468491852137,-0.697438600105121
10,7,10,0.24000000000000002,-0.7063025628400874,-0.6691372050776899
10,7,10,0.25,-0.6744897501960817,-0.6384995175662396
10,7,10,0.26,-0.643345405392917,-0.613075325574101
10,7,10,0.27,-0.6128129910166272,-0.5868106468534527
10,7,10,0.28,-0.5828415072712162,-0.5660124562686457
10,7,10,0.29000000000000004,-0.5533847195556727,-0.5357667426887505
10,7,10,0.3,-0.5244005127080409,-0.5076261765024161
10,7,10,0.31,-0.4958503473474533,-0.48374435100302193
10,7,10,0.32,-0.46769879911450823,-0.4598682268298455
10,7,10,0.33,-0.4399131656732338,-0.4373945653506659
10,7,10,0.34,-0.41246312944140473,-0.4178810910608778
10,7,10,0.35000000000000003,-0.3853204664075676,-0.39107000744682735
10,7,10,0.36000000000000004,-0.3584587932511936,-0.36399123151951973
10,7,10,0.37,-0.33185334643681663,-0.34269138849395714
10,7,10,0.38,-0.3054807880993974,-0.3165444247800364
10,7,10,0.39,-0.27931903444745415,-0.29609956121062886
10,7,10,0.4,-0.2533471031357997,-0.27224397580483034
10,7,10,0.41000000000000003,-0.22754497664114934,-0.2469382615106033
10,7,10,0.42000000000000004,-0.20189347914185074,-0.2206269994044665
10,7,10,0.43,-0.17637416478086135,-0.19789713923648172
10,7,10,0.44,-0.15096921549677725,-0.174509750507953
10,7,10,0.45,-0.12566134685507402,-0.15403729955413592
10,7,10,0.46,-0.10043372051146975,-0.1285368816542142
10,7,10,0.47000000000000003,-0.07526986209982976,-0.10684465109371494
10,7,10,0.48000000000000004,-0.05015358346473353,-0.08556100729653082
10,7,10,0.49,-0.02506890825871106,-0.0594076938231277
10,7,10,0.5,0.0,-0.036719593662678976
10,7,10,0.51,0.02506890825871106,-0.010374197977531086
10,7,10,0.52,0.05015358346473367,0.01033499987945357
10,7,10,0.53,0.0752698620998299,0.03720460400508446
10,7,10,0.54,0.10043372051146988,0.06699773599918661
10,7,10,0.55,0.12566134685507416,0.09242060629025987
10,7,10,0.56,0.1509692154967774,0.1152586217701998
10,7,10,0.5700000000000001,0.1763741647808615,0.14364545170176068
10,7,10,0.5800000000000001,0.20189347914185107,0.1716474681164904
10,7,10,0.59,0.22754497664114934,0.19836369251110494
10,7,10,0.6,0.2533471031357997,0.22232250469914677
10,7,10,0.61,0.27931903444745415,0.2424832568617026
10,7,10,0.62,0.3054807880993974,0.2707948185171259
10,7,10,0.63,0.33185334643681663,0.2949596266364023
10,7,10,0.64,0.3584587932511938,0.3183319644562754
10,7,10,0.65,0.38532046640756773,0.347028763076928
10,7,10,0.66,0.41246312944140495,0.3746968070415583
10,7,10,0.67,0.4399131656732339,0.4049821759922397
10,7,10,0.68,0.4676987991145084,0.44094852195802864
10,7,10,0.6900000000000001,0.49585034734745354,0.4705818234654653
10,7,10,0.7000000000000001,0.524400512708041,0.4999935910258388
10,7,10,0.7100000000000001,0.5533847195556731,0.539111917215866
10,7,10,0.72,0.5828415072712162,0.5651259675555269
10,7,10,0.73,0.6128129910166272,0.5940872257441361
10,7,10,0.74,0.643345405392917,0.6264577914568605
10,7,10,0.75,0.6744897501960817,0.655131549177594
10,7,10,0.76,0.7063025628400874,0.6988616761614154
10,7,10,0.77,0.7388468491852137,0.7299587328470073
10,7,10,0.78,0.7721932141886848,0.7629374691390135
10,7,10,0.79,0.8064212470182404,0.8105599479707811
10,7,10,0.8,0.8416212335729143,0.8556972557144495
10,7,10,0.81,0.8778962950512289,0.9149716068650606
10,7,10,0.8200000000000001,0.9153650878428143,0.9588296604749197
10,7,10,0.8300000000000001,0.9541652531461948,1.0134882488052783
10,7,10,0.8400000000000001,0.9944578832097535,1.0652513991138746
10,7,10,0.85,1.0364333894937898,1.120406804481101
10,7,10,0.86,1.0803193408149558,1.1641302752329574
10,7,10,0.87,1.1263911290388007,1.2221536339115198
10,7,10,0.88,1.1749867920660904,1.28464631502353
10,7,10,0.89,1.2265281200366105,1.3455471041606708
10,7,10,0.9,1.2815515655446004,1.4095329040201023
10,7,10,0.91,1.3407550336902165,1.4871281606305062
10,7,10,0.92,1.4050715603096329,1.5448721697430055
10,7,10,0.93,1.475791028179171,1.6299970843975282
10,7,10,0.9400000000000001,1.554773594596854,1.7220431325541115
10,7,10,0.9500000000000001,1.6448536269514733,1.8522784085047532
10,7,10,0.9600000000000001,1.7506860712521708,2.0000115890345147
10,7,10,0.97,1.8807936081512509,2.2322189798180303
10,7,10,0.98,2.0537489106318225,2.4875348093543885
10,7,10,0.99,2.3263478740408408,2.9816787992627276
10,7,50,0.01,-2.3263478740408408,-2.0466372289076182
10,7,50,0.02,-2.053748910631823,-1.8397467598068278
10,7,50,0.03,-1.880793608151251,-1.7076797791547438
10,7,50,0.04,-1.75068607125217,-1.616548875705686
10,7,50,0.05,-1.6448536269514729,-1.5203711286620685
10,7,50,0.060000000000000005,-1.5547735945968535,-1.4488215022980326
10,7,50,0.06999999999999999,-1.475791028179171,-1.384129852092197
10,7,50,0.08,-1.4050715603096329,-1.3228826496428008
10,7,50,0.09,-1.3407550336902165,-1.2597091997943246
10,7,50,0.09999999999999999,-1.2815515655446004,-1.2066663908589046
10,7,50,0.11,-1.2265281200366098,-1.1568093624982867
10,7,50,0.12,-1.1749867920660904,-1.1052756782952537
10,7,50,0.13,-1.1263911290388007,-1.0520835286456154
10,7,50,0.14,-1.0803193408149558,-1.0126535086629183
10,7,50,0.15000000000000002,-1.0364333894937898,-0.9717933896369801
10,7,50,0.16,-0.994457883209753,-0.9380180810200419
10,7,50,0.17,-0.9541652531461943,-0.905170692773924
10,7,50,0.18000000000000002,-0.9153650878428138,-0.8684952894618783
10,7,50,0.19,-0.8778962950512288,-0.835962708735098
10,7,50,0.2,-0.8416212335729142,-0.8007569750691796
10,7,50,0.21000000000000002,-0.8064212470182403,-0.7683770176504982
10,7,50,0.22,-0.7721932141886848,-0.7391948377027543
10,7,50,0.23,-0.7388468491852137,-0.7158822161468833
10,7,50,0.24000000000000002,-0.7063025628400874,-0.6813044277736384
10,7,50,0.25,-0.6744897501960817,-0.65288335158039
10,7,50,0.26,-0.643345405392917,-0.6267523781333184
10,7,50,0.27,-0.6128129910166272,-0.5977145675450966
10,7,50,0.28,-0.5828415072712162,-0.5667468130714055
10,7,50,0.29000000000000004,-0.5533847195556727,-0.5431672921733836
10,7,50,0.3,-0.5244005127080409,-0.5097309942335911
10,7,50,0.31,-0.4958503473474533,-0.4793457359279227
10,7,50,0.32,-0.46769879911450823,-0.4522602917787643
10,7,50,0.33,-0.4399131656732338,-0.42626730209912445
10,7,50,0.34,-0.41246312944140473,-0.4034875374892204
10,7,50,0.35000000000000003,-0.3853204664075676,-0.37891402685873893
10,7,50,0.36000000000000004,-0.3584587932511936,-0.3594772068230611
10,7,50,0.37,-0.33185334643681663,-0.32917859431312646
10,7,50,0.38,-0.3054807880993974,-0.3056515066557154
10,7,50,0.39,-0.27931903444745415,-0.28583213025658527
10,7,50,0.4,-0.2533471031357997,-0.26444800118809036
10,7,50,0.41000000000000003,-0.22754497664114934,-0.23324685960711408
10,7,50,0.42000000000000004,-0.20189347914185074,-0.20528461697535036
10,7,50,0.43,-0.17637416478086135,-0.18052430820311077
10,7,50,0.44,-0.15096921549677725,-0.15216046669183364
10,7,50,0.45,-0.12566134685507402,-0.13066265137598015
10,7,50,0.46,-0.10043372051146975,-0.10142587025607652
10,7,50,0.47000000000000003,-0.07526986209982976,-0.07581707806575164
10,7,50,0.48000000000000004,-0.05015358346473353,-0.05005389463414587
10,7,50,0.49,-0.02506890825871106,-0.02280660981808824
10,7,50,0.5,0.0,3.8337456334129036e-05
10,7,50,0.51,0.02506890825871106,0.020744775809487706
10,7,50,0.52,0.05015358346473367,0.04328706724753817
10,7,50,0.53,0.0752698620998299,0.0695148476157379
10,7,50,0.54,0.10043372051146988,0.097889157537989
10,7,50,0.55,0.12566134685507416,0.12395629133095853
10,7,50,0.56,0.1509692154967774,0.14582489153101638
10,7,50,0.5700000000000001,0.1763741647808615,0.16971340492549292
10,7,50,0.5800000000000001,0.20189347914185107,0.19562308528999017
10,7,50,0.59,0.22754497664114934,0.21842413181972803
10,7,50,0.6,0.2533471031357997,0.24280888251429203
10,7,50,0.61,0.27931903444745415,0.27135698190588137
10,7,50,0.62,0.3054807880993974,0.2978660473622172
10,7,50,0.63,0.33185334643681663,0.32607061660593145
10,7,50,0.64,0.3584587932511938,0.35870695871675784
10,7,50,0.65,0.38532046640756773,0.38197930524761387
10,7,50,0.66,0.41246312944140495,0.41021547076286835
10,7,50,0.67,0.4399131656732339,0.4377947005912385
10,7,50,0.68,0.4676987991145084,0.46952580497735047
10,7,50,0.6900000000000001,0.49585034734745354,0.49681188072412347
10,7,50,0.7000000000000001,0.524400512708041,0.5243353624551526
10,7,50,0.7100000000000001,0.5533847195556731,0.5572658160945023
10,7,50,0.72,0.5828415072712162,0.5891342565504324
10,7,50,0.73,0.6128129910166272,0.6209954345418321
10,7,50,0.74,0.643345405392917,0.6502631081387554
10,7,50,0.75,0.6744897501960817,0.6893826699810206
10,7,50,0.76,0.7063025628400874,0.7195248781931407
10,7,50,0.77,0.7388468491852137,0.7553452820343716
10,7,50,0.78,0.7721932141886848,0.7958522462275605
10,7,50,0.79,0.8064212470182404,0.8308580085711479
10,7,50,0.8,0.8416212335729143,0.865645940563191
10,7,50,0.81,0.8778962950512289,0.9063123616609426
10,7,50,0.8200000000000001,0.9153650878428143,0.939940874138883
10,7,50,0.8300000000000001,0.9541652531461948,0.9762532915861846
10,7,50,0.8400000000000001,0.9944578832097535,1.0301181741220986
10,7,50,0.85,1.0364333894937898,1.0796276004618481
10,7,50,0.86,1.0803193408149558,1.119235616709518
10,7,50,0.87,1.1263911290388007,1.17569942721588
10,7,50,0.88,1.1749867920660904,1.2235926324910156
10,7,50,0.89,1.2265281200366105,1.2848196789792474
10,7,50,0.9,1.2815515655446004,1.3495049991674362
10,7,50,0.91,1.3407550336902165,1.4125895701478535
10,7,50,0.92,1.4050715603096329,1.4931408753928344
10,7,50,0.93,1.475791028179171,1.56907301678269
10,7,50,0.9400000000000001,1.554773594596854,1.645267266448626
10,7,50,0.9500000000000001,1.6448536269514733,1.7552305715496153
10,7,50,0.9600000000000001,1.7506860712521708,1.8535325311448794
10,7,50,0.97,1.8807936081512509,2.0066807107202687
10,7,50,0.98,2.0537489106318225,2.2153604439617465
10,7,50,0.99,2.3263478740408408,2.5267881989243497
10,7,200,0.01,-2.3263478740408408,-2.266702153402708
10,7,200,0.02,-2.053748910631823,-1.99490184964712
10,7,200,0.03,-1.880793608151251,-1.8057960976185714
10,7,200,0.04,-1.75068607125217,-1.6885172311019878
10,7,200,0.05,-1.6448536269514729,-1.5941216727068213
10,7,200,0.060000000000000005,-1.5547735945968535,-1.5067708510676006
10,7,200,0.06999999999999999,-1.475791028179171,-1.4171757544817112
10,7,200,0.08,-1.4050715603096329,-1.342204732419325
10,7,200,0.09,-1.3407550336902165,-1.2882303247050186
10,7,200,0.09999999999999999,-1.2815515655446004,-1.234653577270838
10,7,200,0.11,-1.2265281200366098,-1.1888508804715803
10,7,200,0.12,-1.1749867920660904,-1.134714762828441
10,7,200,0.13,-1.1263911290388007,-1.0971201313920715
10,7,200,0.14,-1.0803193408149558,-1.0505815826523472
10,7,200,0.15000000000000002,-1.0364333894937898,-1.0094647346225396
10,7,200,0.16,-0.994457883209753,-0.9664191791100577
10,7,200,0.17,-0.9541652531461943,-0.9236493572996589
10,7,200,0.18000000000000002,-0.9153650878428138,-0.8793657696477912
10,7,200,0.19,-0.8778962950512288,-0.8442391481387311
10,7,200,0.2,-0.8416212335729142,-0.8044012507051422
10,7,200,0.21000000000000002,-0.8064212470182403,-0.7726105929736251
10,7,200,0.22,-0.7721932141886848,-0.7466740950341957
10,7,200,0.23,-0.7388468491852137,-0.7170888418846768
10,7,200,0.24000000000000002,-0.7063025628400874,-0.6809329360784191
10,7,200,0.25,-0.6744897501960817,-0.6550649578042846
10,7,200,0.26,-0.643345405392917,-0.6290570915023802
10,7,200,0.27,-0.6128129910166272,-0.5990890291936022
10,7,200,0.28,-0.5828415072712162,-0.5659504864575059
10,7,200,0.29000000000000004,-0.5533847195556727,-0.5411060764607948
10,7,200,0.3,-0.5244005127080409,-0.5165875904901116
10,7,200,0.31,-0.4958503473474533,-0.4911263495779698
10,7,200,0.32,-0.46769879911450823,-0.4646278867238625
10,7,200,0.33,-0.4399131656732338,-0.4444201250619954
10,7,200,0.34,-0.41246312944140473,-0.42100301286233505
10,7,200,0.35000000000000003,-0.3853204664075676,-0.40118815150307424
10,7,200,0.36000000000000004,-0.3584587932511936,-0.3706347626147019
10,7,200,0.37,-0.33185334643681663,-0.34991217024097465
10,7,200,0.38,-0.3054807880993974,-0.32247444123021873
10,7,200,0.39,-0.27931903444745415,-0.29412043659716086
10,7,200,0.4,-0.2533471031357997,-0.26516733318520747
10,7,200,0.41000000000000003,-0.22754497664114934,-0.23589546643026713
10,7,200,0.42000000000000004,-0.20189347914185074,-0.21046367680414452
10,7,200,0.43,-0.17637416478086135,-0.18206652478554186
10,7,200,0.44,-0.15096921549677725,-0.1559658957226868
10,7,200,0.45,-0.12566134685507402,-0.12901780033252128
10,7,200,0.46,-0.10043372051146975,-0.1013566736941937
10,7,200,0.47000000000000003,-0.07526986209982976,-0.07341438152848942
10,7,200,0.48000000000000004,-0.05015358346473353,-0.051130724624101356
10,7,200,0.49,-0.02506890825871106,-0.02645836394078483
10,7,200,0.5,0.0,-0.0028020865152894626
10,7,200,0.51,0.02506890825871106,0.03222897134311361
10,7,200,0.52,0.05015358346473367,0.0543842335068806
10,7,200,0.53,0.0752698620998299,0.0750548960588447
10,7,200,0.54,0.10043372051146988,0.09980334981667492
10,7,200,0.55,0.12566134685507416,0.12533864139775544
10,7,200,0.56,0.1509692154967774,0.15074159700361445
10,7,200,0.5700000000000001,0.1763741647808615,0.17861735072142232
10,7,200,0.5800000000000001,0.20189347914185107,0.2106479539873375
10,7,200,0.59,0.22754497664114934,0.23101364230366722
10,7,200,0.6,0.2533471031357997,0.25409662281902384
10,7,200,0.61,0.27931903444745415,0.2811867131700802
10,7,200,0.62,0.3054807880993974,0.3063354333226776
10,7,200,0.63,0.33185334643681663,0.3301649904080828
10,7,200,0.64,0.3584587932511938,0.3533579595848809
10,7,200,0.65,0.38532046640756773,0.3850628852348715
10,7,200,0.66,0.41246312944140495,0.41399416482873885
10,7,200,0.67,0.4399131656732339,0.4429174404093814
10,7,200,0.68,0.4676987991145084,0.4695838426075743
10,7,200,0.6900000000000001,0.49585034734745354,0.5024052196150389
10,7,200,0.7000000000000001,0.524400512708041,0.5230290287382261
10,7,200,0.7100000000000001,0.5533847195556731,0.5541020810202278
10,7,200,0.72,0.5828415072712162,0.5938978450265602
10,7,200,0.73,0.6128129910166272,0.628521593640255
10,7,200,0.74,0.643345405392917,0.6590993178463402
10,7,200,0.75,0.6744897501960817,0.6908874965883317
10,7,200,0.76,0.7063025628400874,0.7238072577918139
10,7,200,0.77,0.7388468491852137,0.7658342816298614
10,7,200,0.78,0.7721932141886848,0.7968062888423405
10,7,200,0.79,0.8064212470182404,0.8310727550575993
10,7,200,0.8,0.8416212335729143,0.8731374441837052
10,7,200,0.81,0.8778962950512289,0.9029285628368638
10,7,200,0.8200000000000001,0.9153650878428143,0.9409517810478444
10,7,200,0.8300000000000001,0.9541652531461948,0.9767087600464338
10,7,200,0.8400000000000001,0.9944578832097535,1.0181098696999222
10,7,200,0.85,1.0364333894937898,1.0652275464161474
10,7,200,0.86,1.0803193408149558,1.1085065901526525
10,7,200,0.87,1.1263911290388007,1.1603292471805715
10,7,200,0.88,1.1749867920660904,1.2111141067797762
10,7,200,0.89,1.2265281200366105,1.2732227510854959
10,7,200,0.9,1.2815515655446004,1.317640253330539
10,7,200,0.91,1.3407550336902165,1.3781010101320967
10,7,200,0.92,1.4050715603096329,1.451407546421458
10,7,200,0.93,1.475791028179171,1.5344731870924937
10,7,200,0.9400000000000001,1.554773594596854,1.6219921268480955
10,7,200,0.9500000000000001,1.6448536269514733,1.720458305167069
10,7,200,0.9600000000000001,1.7506860712521708,1.8220478069555621
10,7,200,0.97,1.8807936081512509,1.9726831008553862
10,7,200,0.98,2.0537489106318225,2.197387459004205
10,7,200,0.99,2.3263478740408408,2.5578605465902466
