estimator,n,q05,q25,q50,q75,q95,valid
mle,16,-0.40314085191923643,-0.22940756403306417,-0.027401688993684004,0.2759944165238558,1.0659449240917493,6000
mle,64,-0.31787641459852584,-0.15457849859656164,0.0210002412943448,0.2965014429474079,1.003632224812854,6000
mle,256,-0.297113003991802,-0.13661867657539767,0.036100939830438605,0.3036300242187715,0.9746607618628202,6000
mle,1024,-0.29184204458944346,-0.13390703703892232,0.04088074502359407,0.30629773183186826,0.9812014927270737,6000
mle,Limit,-0.28899921146381424,-0.13047826377480193,0.04105757286813033,0.30365590989200614,0.9773015636365675,6000
D,16,-0.43788019363774844,-0.2896277879748814,-0.11724944127461029,0.14164856876702364,0.815739668558293,6000
D,64,-0.37821067345150033,-0.24549871631974535,-0.10280615310681818,0.12109323617313153,0.6957773001653672,6000
D,256,-0.3646146792843962,-0.2357157057358488,-0.09699814714794575,0.11786442729413496,0.6567942118804143,6000
D,1024,-0.36120137138579866,-0.23472985800809887,-0.09476294592050022,0.11777820324209823,0.6582289959355023,6000
D,Limit,-0.3591993691710514,-0.2323826110198415,-0.09515394170549568,0.11492472791360495,0.653841250909254,6000
