m,nu,J,valid,log_rmse,coverage,coverage_mcse
1,1,10,5000,0.9107241168643777,0.9448,0.0032296427046966053
1,1,50,5000,0.39921827816136407,0.9488,0.0031170036894427964
1,1,200,5000,0.19984171905551218,0.9482,0.0031342227106573
1,3,10,5000,0.6493868826981234,0.9414,0.0033216273120264404
1,3,50,5000,0.28563580355684737,0.9472,0.003162662169755093
1,3,200,5000,0.14238342423070982,0.949,0.0031112376958374634
1,5,10,5000,0.5723588973995074,0.9456,0.003207511184703804
1,5,50,5000,0.250421812303291,0.9518,0.003029084350096577
1,5,200,5000,0.12731159492314817,0.9478,0.003145636978419475
1,10,10,5000,0.5377302810684763,0.9354,0.0034764015878491366
1,10,50,5000,0.23268896000087178,0.9464,0.0031851857088716186
1,10,200,5000,0.11292268475784818,0.949,0.0031112376958374634
1,30,10,5000,0.49582377513199855,0.9394,0.0033742448043969776
1,30,50,5000,0.21261845817877026,0.9454,0.003213062090903317
1,30,200,5000,0.10429460022573306,0.9522,0.0030171231330524103
7,1,10,5000,0.5482318417441694,0.9424,0.0032949124419322583
7,1,50,5000,0.2400949342874658,0.9498,0.003088040155179334
7,1,200,5000,0.12130436652410977,0.9458,0.003201948156981934
7,3,10,5000,0.3406742016943915,0.9518,0.003029084350096577
7,3,50,5000,0.15184047647334487,0.9496,0.0030938597253269257
7,3,200,5000,0.07692654182128608,0.9476,0.003151324800778238
7,5,10,5000,0.28520445593039295,0.9474,0.0031569998416217885
7,5,50,5000,0.12867603249543624,0.946,0.0031963729444481302
7,5,200,5000,0.06420594001594794,0.9434,0.0032679179916270842
7,10,10,5000,0.23118079463173047,0.9508,0.0030587369942510594
7,10,50,5000,0.1029594685433108,0.9526,0.0030051036587778464
7,10,200,5000,0.05244054461509118,0.9484,0.003128496124338337
7,30,10,5000,0.19218822522652879,0.952,0.0030231109804305907
7,30,50,5000,0.08498452445187822,0.9536,0.0029747954551531774
7,30,200,5000,0.043160876021340604,0.9484,0.003128496124338337
31,1,10,5000,0.505936640796905,0.9338,0.003516178607522662
31,1,50,5000,0.21192172004918663,0.9472,0.003162662169755093
31,1,200,5000,0.10410527849794701,0.9536,0.0029747954551531774
31,3,10,5000,0.2886700110687257,0.9422,0.0033002775640845715
31,3,50,5000,0.12460369011552115,0.9478,0.003145636978419475
31,3,200,5000,0.06286610825622363,0.9492,0.003105458420265838
31,5,10,5000,0.22237949398137158,0.9502,0.0030763601869742093
31,5,50,5000,0.09899542201103663,0.9508,0.0030587369942510594
31,5,200,5000,0.04895927008215016,0.954,0.0029625664549508433
31,10,10,5000,0.16575471447381881,0.9544,0.002950275919299752
31,10,50,5000,0.07516731351609938,0.9512,0.0030469184432800286
31,10,200,5000,0.036870712330939776,0.9508,0.0030587369942510594
31,30,10,5000,0.11599490129845662,0.9496,0.0030938597253269257
31,30,50,5000,0.05212797529215389,0.9464,0.0031851857088716186
31,30,200,5000,0.02595171830858738,0.9502,0.0030763601869742093
