nu,m,J,valid,log_rmse,log_rmse_mcse,coverage,coverage_mcse,log_bias,log_bias_mcse,normal_cdf_distance,q025,q50,q975,bias,bias_mcse,rmse,rmse_mcse
1,7,10,5000,0.5482318417441694,0.0057282223274783715,0.9424,0.0032949124419322583,0.08359420107756263,0.007663274595444603,0.11130474505462548,-1.1055925950077055,0.12878664190611366,4.572876373838065,,,,
1,7,50,5000,0.2400949342874658,0.0024141663756618932,0.9498,0.003088040155179334,0.0168281682175834,0.00338744343120126,0.055988085863007964,-1.4778001642584317,0.041716686562501146,2.7119531805220074,,,,
1,7,200,5000,0.12130436652410977,0.0012112267028511951,0.9458,0.003201948156981934,0.006381032559989876,0.0017132989905276226,0.03340892728198408,-1.6664616675388113,0.044184455634937864,2.324254502686558,,,,
3,7,10,5000,0.3406742016943915,0.0034386925524573573,0.9518,0.003029084350096577,0.026434911152324214,0.0048038148134423655,0.0682162596867627,-1.3650579417458344,0.06440015883138289,3.0593721977319572,,,,
3,7,50,5000,0.15184047647334487,0.0015094433963343892,0.9496,0.0030938597253269257,0.004531684211103276,0.0021466067201177806,0.03419170850521369,-1.6539253369407267,0.016857796452360168,2.328057010273227,,,,
3,7,200,5000,0.07692654182128608,0.0007516842559283256,0.9476,0.003151324800778238,0.0007335040254183724,0.001087964932901975,0.021074395886419017,-1.8375304679616824,0.004271231394382197,2.160556056659946,,,,
10,7,10,5000,0.23118079463173047,0.0023517003752183525,0.9508,0.0030587369942510594,-0.010303504180255172,0.003266468044284228,0.031528089493013514,-1.6152354090399867,-0.036719593662678976,2.3482483330537685,0.010495151432693122,0.002142618531208399,0.15185397011870672,0.0019003424222934066
10,7,50,5000,0.1029594685433108,0.0010200975417446426,0.9526,0.0030051036587778464,-0.0010097715394479405,0.001456142360810513,0.016895612172096924,-1.7566817906903138,3.8337456334129036e-05,2.1274523197615123,0.002748303058628654,0.0009370253922509716,0.06630805442577681,0.0006896155529896506
10,7,200,5000,0.05244054461509118,0.0005358285066835596,0.9484,0.003128496124338337,-6.684525832602195e-05,0.0007416948648212835,0.011100727733692,-1.8746906515690398,-0.0028020865152894626,2.071049094130935,0.0008375484260932705,0.00047547258498313794,0.033628058352211145,0.0003471647375257335
