design,nu,n,m,a,valid,drift_mse,drift_mcse,W_mse,W_mcse,D_mse,W_theory,D_theory,drift_theory,relative_W_mse,mle_limit_mse
fixed,5,16,15,1,6000,1.0748123480324405,0.03412278420357776,0.923966524203237,,0.8927284060776368,0.45511111111111113,0.98304,1.0666666666666667,0.134460152216146,0.9651092657595074
fixed,5,64,63,1,6000,1.0748123480324405,0.034122784203577755,0.2302048368294549,,1.0021991430074,0.10835978835978836,0.8582095238095239,1.0666666666666667,0.03201472945986235,0.24384940022422977
fixed,5,256,255,1,6000,1.0748123480324405,0.03412278420357776,0.02751274165779304,,1.2870552905641288,0.02677124183006536,0.8288376470588236,1.0666666666666667,0.007809540117903012,0.028413977342160397
fixed,5,1024,1023,1,6000,1.0748123480324405,0.03412278420357776,0.010460708288142535,,1.2979681186703431,0.006673183447376996,0.8216023460410558,1.0666666666666667,0.0019088997238407661,0.01065682235933987
fixed,10,16,15,1,6000,0.785762731871682,0.017012288082864292,0.11594311750179426,0.0056771785511616005,0.2084348700131138,0.11377777777777778,0.2093511111111111,0.8,0.134460152216146,0.10561456217367561
fixed,10,64,63,1,6000,0.785762731871682,0.017012288082864292,0.02839462095058723,0.0013577897599525595,0.15378636189358713,0.02708994708994709,0.15387089947089946,0.8,0.032014729459862334,0.02780942062500132
fixed,10,256,255,1,6000,0.785762731871682,0.017012288082864292,0.006511247014667242,0.0002412921808195968,0.14213953446023994,0.00669281045751634,0.14081673202614378,0.8,0.007809540117903012,0.006477178180561753
fixed,10,1024,1023,1,6000,0.785762731871682,0.017012288082864292,0.00155026036658748,6.126533398377913e-05,0.13981882719252486,0.001668295861844249,0.13760104268491366,0.8,0.0019088997238407665,0.0015466419890197626
fixed,30,16,15,1,6000,0.6803449154662466,0.012853906358159403,0.0701101219644748,0.0017964764973111866,0.09576413532687088,0.06751648351648352,0.09032205128205127,0.6857142857142857,0.134460152216146,0.06347110108310738
fixed,30,64,63,1,6000,0.6803449154662466,0.012853906358159401,0.016556226320886804,0.0003980953993515565,0.04837292874494877,0.016075353218210364,0.045511111111111106,0.6857142857142857,0.032014729459862334,0.016156631898429873
fixed,30,256,255,1,6000,0.6803449154662466,0.012853906358159403,0.004079179867247498,0.0001047863495167847,0.03672018170107176,0.003971557853910796,0.0349673604826546,0.6857142857142857,0.0078095401179030105,0.004059170382244377
fixed,30,1024,1023,1,6000,0.6803449154662466,0.012853906358159401,0.000998538684834189,2.441814856049701e-05,0.03406798239535525,0.0009899777641713128,0.032370072937814874,0.6857142857142857,0.001908899723840766,0.0009978296912727203
long,5,16,15,0.16,6000,6.883347980971924,0.22383969006915774,0.3214824284745338,,0.5838373608745792,0.45511111111111113,0.98304,6.666666666666667,0.12905319892110925,0.3018498491622323
long,5,64,63,0.64,6000,1.637052423406028,0.04786839711944752,0.07963915187924687,,0.5533959332858603,0.10835978835978836,0.8582095238095239,1.6666666666666667,0.031041962238155696,0.07770481678061489
long,5,256,255,2.56,6000,0.4174430154318087,0.012727662039517744,0.019527601891993967,,0.5317570658922747,0.02677124183006536,0.8288376470588236,0.4166666666666667,0.007729303186146235,0.01937985263932941
long,5,1024,1023,10.24,6000,0.10062496459984978,0.0027837434376584065,0.0046714305669571295,,0.5181058634925386,0.006673183447376996,0.8216023460410558,0.10416666666666667,0.001974920160432507,0.004684572452724035
long,10,16,15,0.16,6000,5.302127878189685,0.13057206298830074,0.10017795970779711,0.0035987471929234834,0.19582340853755023,0.11377777777777778,0.2093511111111111,5.0,0.12905319892110925,0.09160650146368003
long,10,64,63,0.64,6000,1.2383919535453345,0.028560756820616533,0.02552343817401626,0.0009741063612520817,0.1504769174535009,0.02708994708994709,0.15387089947089946,1.25,0.031041962238155696,0.024942231639362794
long,10,256,255,2.56,6000,0.3206820401576966,0.007170100212350652,0.006381137710918229,0.00023837171066117647,0.13863775608777168,0.00669281045751634,0.14081673202614378,0.3125,0.007729303186146235,0.006342662639261589
long,10,1024,1023,10.24,6000,0.07960906066543443,0.0018715967654775482,0.001645821811495736,6.517037871887497e-05,0.1360667409867397,0.001668295861844249,0.13760104268491366,0.078125,0.0019749201604325065,0.0016428715896050611
long,30,16,15,0.16,6000,4.4450457429744965,0.08587906692229413,0.06480542440457605,0.001558354450953197,0.0857296357478453,0.06751648351648352,0.09032205128205127,4.285714285714286,0.12905319892110925,0.059126450597456616
long,30,64,63,0.64,6000,1.0530814800600343,0.02041396722891688,0.015393075863143703,0.00034927395955942605,0.045274807653261764,0.016075353218210364,0.045511111111111106,1.0714285714285714,0.03104196223815569,0.015022625491074889
long,30,256,255,2.56,6000,0.27321749069546725,0.005269736005934269,0.003891587830311933,8.643328806473442e-05,0.0346510188264038,0.003971557853910796,0.0349673604826546,0.26785714285714285,0.007729303186146235,0.0038681302581994857
long,30,1024,1023,10.24,6000,0.06780922568040715,0.0013275200519167344,0.0009829701621510588,2.0807329607774748e-05,0.03255564189489713,0.0009899777641713128,0.032370072937814874,0.06696428571428571,0.0019749201604325065,0.0009818628272799937
